,Unfiltered,SSD Filter,Fractional Cointegration,Half-Life,Hurst Exponent,Volatility Regime,Benchmark
Total Return,0.06765954938063978,0.09483774681869339,-0.042796788523096096,0.010189250323036747,0.0,0.0,0.4211461515332844
Annualized Return,0.03361509521694894,0.04682003072742269,-0.02184674625348182,0.005132762682809933,0.0,0.0,0.19464503411992862
Annualized Volatility,0.03591615185165679,0.03364322641165758,0.08529284151706333,0.041393663501399884,0.0,0.0,0.18010725377371986
Sharpe Ratio,0.9385308452391852,1.376982268039816,-0.21634054507483622,0.1443445011051378,0.0,0.0,1.0779231429451828
Sortino Ratio,1.2955240851274137,1.8375119477246729,-0.2526579865786435,0.19592863715862488,0.0,0.0,1.481662892372894
Maximum Drawdown,-0.029438367679957445,-0.026871804550836376,-0.12142601037710932,-0.04176291250653208,0.0,0.0,-0.14230675246238045
Calmar Ratio,1.1418804052724412,1.742347844144521,-0.17991817556743403,0.1229024120864924,inf,inf,1.3677849487246507
