,Unfiltered,SSD Filter,Fractional Cointegration,Half-Life,Hurst Exponent,Volatility Regime,Benchmark
Total Return,0.08463403110066858,0.08644776675584609,-0.042796788523096096,0.010189250323036525,0.0,0.0,0.4211461515332844
Annualized Return,0.041881635175213816,0.0427611223607236,-0.02184674625348182,0.005132762682809933,0.0,0.0,0.19464503411992862
Annualized Volatility,0.05302385191845661,0.0381267284182004,0.08529284151706333,0.041393663501399884,0.0,0.0,0.18010725377371986
Sharpe Ratio,0.8003767318842582,1.1173858557374368,-0.2163405450748362,0.1443445011051378,0.0,0.0,1.0779231429451828
Sortino Ratio,0.8932511941654737,1.278789958473152,-0.25265798657864347,0.19592863715862488,0.0,0.0,1.481662892372894
Maximum Drawdown,-0.0581952597201113,-0.03593743982067932,-0.12142601037710932,-0.0417629125065323,0.0,0.0,-0.14230675246238045
Calmar Ratio,0.7196743407735017,1.1898767016819536,-0.17991817556743403,0.12290241208649175,inf,inf,1.3677849487246507
